data,response,prompt_tokens,candidates_tokens
"{'contents': [{'parts': [{'text': 'Đoạn văn: ""Việc phòng ngừa chứng ăn không tiêu cho thấy đem đến hiệu quả đáng kể thông qua việc quản lý chế độ ăn uống hàng ngày. Một số giải pháp hữu ích có thể tham khảo gồm:(3)  Ăn thành nhiều bữa nhỏ trong ngày để tránh giảm áp lực cho dạ dày. Không nên nói chuyện, coi phim, đọc sách trong lúc đang ăn. Hạn chế ăn các loại thực phẩm chứa hàm lượng axit cao, chẳng hạn như cà chua, trái cây họ cam, quýt… Tránh ăn thực phẩm cay nóng. Giảm hoặc tránh tiêu thụ thực phẩm, đồ uống có chứa caffein. Thư giãn, kiểm soát căng thẳng. Bỏ thuốc lá, rượu bia để tránh gây kích ứng niêm mạc dạ dày. Tránh mặc quần áo bó sát vì dễ gây nén dạ dày, khiến các chất bên trong cơ quan đi vào thực quản . Không nên tập thể dục khi vừa ăn no, chỉ nên tập trước bữa ăn hoặc ít nhất một giờ sau khi ăn. Không nằm ngay sau khi ăn. Tránh ăn khuya, nên ăn trước khi ngủ ít nhất 3 giờ. Nằm ngủ với tư thế đầu cao hơn chân và dùng gối chống đỡ để giúp dịch tiêu hóa chảy vào ruột thay vì trào ngược lên thực quản. Kiểm soát và duy trì cân nặng hợp lý để tránh gây áp lực cho dạ dày và thực quản. Ăn chậm, nhai kỹ.\nĂn chậm nhai kỹ là một cách hữu ích để phòng ngừa chứng khó tiêu\n\nDưới đây là giải đáp một số thắc mắc thường gặp về chứng ăn không tiêu:\nĐối với chứng khó tiêu, bên cạnh việc uống đầy đủ các loại thuốc theo toa của bác sĩ (thuốc chẹn Histamine, thuốc kháng axit)&#8230;, người bệnh nên bổ sung một số đồ uống có lợi sau:  Nước lọc: Người bệnh nên uống đủ 8 ly nước lọc mỗi ngày để làm loãng axit trong dạ dày. Các loại trà thảo dược: Trà hoa cúc, hoa oải hương, trà gừng… có thể giúp làm dịu hệ tiêu hóa.\nChứng ăn không tiêu ở mức độ nhẹ có thể cải thiện hiệu quả nhờ vào việc thay đổi lối sống hợp lý và lành mạnh, bao gồm:  Ăn các bữa ăn nhỏ, ăn thường xuyên hơn. Nhai thức ăn từ từ và kỹ lưỡng. Tránh tiêu thụ các loại thực phẩm gây kích ứng hệ tiêu hóa, chẳng hạn như: đồ ăn cay nóng, đồ ăn nhiều chất béo, đồ chế biến sẵn, đồ uống có gas, caffein, rượu… Bỏ thói quen hút thuốc lá. Duy trì cân nặng hợp lý để tránh gây áp lực lên bụng. Tập thể dục thường xuyên để giúp kiểm soát cân nặng và thúc đẩy quá trình tiêu hóa tốt hơn. Quản lý căng thẳng. Thay đổi thuốc của bạn, điển hình là các loại thuốc giảm đau gây kích ưng niêm mạc dạ dày. Nếu người bệnh được chẩn đoán khó tiêu do mắc bệnh lý cụ thể, điều quan trọng nhất là phải điều trị dứt điểm.\nChứng ăn không tiêu xảy ra phổ biến và thường không nghiêm trọng. Tuy nhiên, nếu tình trạng xảy ra liên tục, kéo dài, đây có thể là dấu hiệu cảnh báo bệnh lý tiềm ẩn. Điều này còn gây ảnh hưởng đến chất lượng cuộc sống hàng ngày, điển hình là cảm giác khó chịu và chán ăn. Vì thế, ngay khi nhận thấy triệu chứng khó tiêu, người bệnh nên thăm khám sớm để được điều trị hiệu quả.\nThực phẩm đóng vai trò rất quan trọng đối với sức khỏe hệ tiêu hóa, dưới đây là một số loại thức ăn dễ tiêu nên tham khảo để thêm vào thực đơn hàng ngày:  Bánh mì nướng. Cơm trắng. Chuối. Sốt táo. Trứng. Khoai lang. Thịt gà. Cá hồi. Bánh quy mặn. Bột yến mạch. Các loại rau củ ít chất béo, ít đường, tốt cho hệ tiêu hóa: Đậu xanh, bông cải xanh, măng tây, súp lơ trắng, rau lá xanh, khoai tây, dưa chuột…""\n\nBạn là một thuật toán hàng đầu được thiết kế để trích xuất thông tin theo định dạng cấu trúc nhằm xây dựng đồ thị tri thức.\nNhiệm vụ của bạn là xác định các thực thể và mối quan hệ được yêu cầu từ đoạn văn bản đã cho theo hướng dẫn của người dùng.\nBạn phải tạo ra đầu ra dưới dạng JSON chứa danh sách các đối tượng JSON có các khóa sau: ""text"", ""head"", ""head_type"", ""relation"", ""tail"", và ""tail_type"".\nKhóa ""text"" phải chứa câu văn bản dài của thực thể được trích xuất, có thể có nhiều câu văn bản và một câu có thể dùng cho nhiều đối tượng JSON khác nhau.\nKhóa ""head"" phải chứa văn bản của thực thể chính với một trong các loại từ danh sách mà người dùng đã cung cấp.\nKhóa ""head_type"" phải chứa loại của thực thể chính, với loại này phải thuộc một trong các loại từ [\'symptom\', \'cause\', \'disease\', \'organ\', \'treatment\', \'lifestyle\', \'test\', \'food\'].\nKhóa ""relation"" phải chứa loại quan hệ giữa ""head"" và ""tail"", với loại quan hệ phải thuộc một trong các loại từ [\'isSymptomOf\', \'causedBy\', \'affects\', \'treatedBy\', \'locatedIn\', \'aggravatedBy\', \'associatedWith\', \'preventedBy\', \'diagnosedBy\', \'relatedTo\'].\nKhóa ""tail"" phải đại diện cho văn bản của một thực thể được trích xuất và là đối tượng của mối quan hệ, còn khóa ""tail_type"" phải chứa loại của thực thể đối tượng từ [\'symptom\', \'cause\', \'disease\', \'organ\', \'treatment\', \'lifestyle\', \'test\', \'food\'].\nCả 6 khoá trên đều ép buộc.\n\nGiải thích và ví dụ của mỗi loại thực thể:\n- Symptom: Dấu hiệu hoặc biểu hiện của một bệnh lý hoặc vấn đề sức khỏe. Ví dụ: Đi tiểu nhiều là symptom của bệnh bàng quang tăng hoạt.\n- Cause: Yếu tố hoặc sự kiện gây ra triệu chứng hoặc bệnh lý. Ví dụ: Mức axit dạ dày cao có thể cause chứng khó tiêu.\n- Disease: Một tình trạng hoặc bệnh. Ví dụ: Tiểu đường là một disease mãn tính ảnh hưởng đến mức đường huyết.\n- Organ: Một phần của cơ thể có chức năng cụ thể. Ví dụ: Bàng quang là organ tham gia vào việc chứa nước tiểu.\n- Treatment: Một phương pháp hoặc thủ tục được sử dụng để chữa hoặc quản lý bệnh lý hoặc tình trạng. Ví dụ: Vật lý trị liệu là treatment để cải thiện sức mạnh cơ bắp.\n- Lifestyle: Thói quen hoặc hành vi có thể ảnh hưởng đến sức khỏe. Ví dụ: Hút thuốc là lifestyle làm tăng nguy cơ bệnh phổi.\n- Test: Một thủ tục hoặc phân tích y khoa được sử dụng để chẩn đoán một tình trạng. Ví dụ: Xét nghiệm máu thường được sử dụng để test chẩn đoán nhiễm trùng.\n- Food: Các chất được tiêu thụ để cung cấp dinh dưỡng, có thể ảnh hưởng đến sức khỏe. Ví dụ: Thức ăn cay có thể aggravate khó chịu dạ dày.\n\nGiải thích và ví dụ của mỗi loại quan hệ:\n- isSymptomOf: Quan hệ cho thấy một triệu chứng liên quan đến một bệnh lý cụ thể. Ví dụ: Đi tiểu nhiều isSymptomOf bệnh bàng quang tăng hoạt.\n- causedBy: Quan hệ cho thấy nguyên nhân của một triệu chứng hoặc tình trạng. Ví dụ: Chứng khó tiêu thường causedBy trào ngược axit.\n- affects: Quan hệ cho thấy một yếu tố ảnh hưởng đến một cơ quan hoặc bộ phận của cơ thể. Ví dụ: Bàng quang tăng hoạt affects hệ thống tiết niệu.\n- treatedBy: Quan hệ cho thấy một bệnh lý hoặc triệu chứng được quản lý hoặc giảm nhẹ bằng phương pháp điều trị. Ví dụ: Bàng quang tăng hoạt có thể treatedBy thuốc.\n- locatedIn: Quan hệ cho thấy vị trí của một cơ quan hoặc tình trạng trong cơ thể. Ví dụ: Thận locatedIn vùng bụng trên.\n- aggravatedBy: Quan hệ cho thấy một tình trạng trở nên tồi tệ hơn do yếu tố cụ thể. Ví dụ: Chứng khó tiêu có thể aggravatedBy ăn thức ăn cay.\n- associatedWith: Quan hệ cho thấy một yếu tố hoặc tình trạng liên kết với một yếu tố khác. Ví dụ: Béo phì associatedWith tiểu đường.\n- preventedBy: Quan hệ cho thấy một bệnh lý hoặc triệu chứng có thể tránh được bằng các hành động hoặc phương pháp cụ thể. Ví dụ: Bệnh tim có thể preventedBy tập thể dục thường xuyên.\n- diagnosedBy: Quan hệ cho thấy một xét nghiệm hoặc phương pháp được sử dụng để xác định một tình trạng. Ví dụ: Nhiễm trùng thận có thể diagnosedBy xét nghiệm nước tiểu.\n- relatedTo: Quan hệ rộng, cho thấy sự kết nối giữa hai yếu tố sức khỏe, điều kiện hoặc triệu chứng. Ví dụ: Tăng huyết áp relatedTo bệnh tim.\n\nHãy cố gắng trích xuất càng nhiều thực thể và quan hệ càng tốt.\nLƯU Ý QUAN TRỌNG:\n- Không thêm bất kỳ giải thích hoặc văn bản nào.\nKiến trúc giá trị trả về mong đợi:\n[{\'text\': \'Cảm giác tê buốt bàn chân là triệu chứng của biến chứng bàn chân đái tháo đường.\', \'head\': \'Cảm giác tê buốt bàn chân\', \'head_type\': \'symptom\', \'relation\': \'isSymptomOf\', \'tail\': \'Biến chứng bàn chân đái tháo đường\', \'tail_type\': \'disease\'}, {\'text\': \'Xơ vữa mạch máu là một trong những nguyên nhân chính gây ra biến chứng bàn chân đái tháo đường.\', \'head\': \'Xơ vữa mạch máu\', \'head_type\': \'cause\', \'relation\': \'causes\', \'tail\': \'Biến chứng bàn chân đái tháo đường\', \'tail_type\': \'disease\'}, {\'text\': \'Loét bàn chân đái tháo đường là biến chứng phức tạp của bệnh đái tháo đường.\', \'head\': \'Loét bàn chân đái tháo đường\', \'head_type\': \'disease\', \'relation\': \'isSymptomOf\', \'tail\': \'Bệnh đái tháo đường\', \'tail_type\': \'disease\'}, {\'text\': \'Bệnh nhân đái tháo đường có thể kiểm soát được biến chứng bàn chân thông qua các biện pháp chăm sóc bàn chân.\', \'head\': \'Biến chứng bàn chân\', \'head_type\': \'disease\', \'relation\': \'treatedBy\', \'tail\': \'Chăm sóc bàn chân\', \'tail_type\': \'treatment\'}, {\'text\': \'Bệnh đái tháo đường gây tổn thương hệ mạch máu và thần kinh, làm tăng nguy cơ loét bàn chân.\', \'head\': \'Bệnh đái tháo đường\', \'head_type\': \'disease\', \'relation\': \'affects\', \'tail\': \'Hệ mạch máu và thần kinh\', \'tail_type\': \'organ\'}]'}]}], 'safetySettings': [{'category': 'HARM_CATEGORY_HARASSMENT', 'threshold': 'BLOCK_NONE'}, {'category': 'HARM_CATEGORY_HATE_SPEECH', 'threshold': 'BLOCK_NONE'}, {'category': 'HARM_CATEGORY_SEXUALLY_EXPLICIT', 'threshold': 'BLOCK_NONE'}, {'category': 'HARM_CATEGORY_DANGEROUS_CONTENT', 'threshold': 'BLOCK_NONE'}], 'generationConfig': {'temperature': 0.3, 'top_p': 0.5, 'top_k': 1}}","```json
[
  {""text"": ""Việc phòng ngừa chứng ăn không tiêu cho thấy đem đến hiệu quả đáng kể thông qua việc quản lý chế độ ăn uống hàng ngày."", ""head"": ""Chứng ăn không tiêu"", ""head_type"": ""disease"", ""relation"": ""preventedBy"", ""tail"": ""Quản lý chế độ ăn uống"", ""tail_type"": ""lifestyle""},
  {""text"": ""Ăn thành nhiều bữa nhỏ trong ngày để tránh giảm áp lực cho dạ dày."", ""head"": ""Chứng ăn không tiêu"", ""head_type"": ""disease"", ""relation"": ""preventedBy"", ""tail"": ""Ăn thành nhiều bữa nhỏ"", ""tail_type"": ""lifestyle""},
  {""text"": ""Không nên nói chuyện, coi phim, đọc sách trong lúc đang ăn."", ""head"": ""Chứng ăn không tiêu"", ""head_type"": ""disease"", ""relation"": ""preventedBy"", ""tail"": ""Không nói chuyện, coi phim, đọc sách trong lúc ăn"", ""tail_type"": ""lifestyle""},
  {""text"": ""Hạn chế ăn các loại thực phẩm chứa hàm lượng axit cao, chẳng hạn như cà chua, trái cây họ cam, quýt… Tránh ăn thực phẩm cay nóng."", ""head"": ""Chứng ăn không tiêu"", ""head_type"": ""disease"", ""relation"": ""aggravatedBy"", ""tail"": ""Thực phẩm chứa hàm lượng axit cao"", ""tail_type"": ""food""},
  {""text"": ""Hạn chế ăn các loại thực phẩm chứa hàm lượng axit cao, chẳng hạn như cà chua, trái cây họ cam, quýt… Tránh ăn thực phẩm cay nóng."", ""head"": ""Chứng ăn không tiêu"", ""head_type"": ""disease"", ""relation"": ""aggravatedBy"", ""tail"": ""Thực phẩm cay nóng"", ""tail_type"": ""food""},
  {""text"": ""Giảm hoặc tránh tiêu thụ thực phẩm, đồ uống có chứa caffein."", ""head"": ""Chứng ăn không tiêu"", ""head_type"": ""disease"", ""relation"": ""aggravatedBy"", ""tail"": ""Thực phẩm, đồ uống có chứa caffein"", ""tail_type"": ""food""},
  {""text"": ""Thư giãn, kiểm soát căng thẳng."", ""head"": ""Chứng ăn không tiêu"", ""head_type"": ""disease"", ""relation"": ""preventedBy"", ""tail"": ""Thư giãn, kiểm soát căng thẳng"", ""tail_type"": ""lifestyle""},
  {""text"": ""Bỏ thuốc lá, rượu bia để tránh gây kích ứng niêm mạc dạ dày."", ""head"": ""Chứng ăn không tiêu"", ""head_type"": ""disease"", ""relation"": ""aggravatedBy"", ""tail"": ""Thuốc lá, rượu bia"", ""tail_type"": ""lifestyle""},
  {""text"": ""Tránh mặc quần áo bó sát vì dễ gây nén dạ dày, khiến các chất bên trong cơ quan đi vào thực quản."", ""head"": ""Chứng ăn không tiêu"", ""head_type"": ""disease"", ""relation"": ""aggravatedBy"", ""tail"": ""Mặc quần áo bó sát"", ""tail_type"": ""lifestyle""},
  {""text"": ""Không nên tập thể dục khi vừa ăn no, chỉ nên tập trước bữa ăn hoặc ít nhất một giờ sau khi ăn."", ""head"": ""Chứng ăn không tiêu"", ""head_type"": ""disease"", ""relation"": ""aggravatedBy"", ""tail"": ""Tập thể dục khi vừa ăn no"", ""tail_type"": ""lifestyle""},
  {""text"": ""Không nằm ngay sau khi ăn."", ""head"": ""Chứng ăn không tiêu"", ""head_type"": ""disease"", ""relation"": ""aggravatedBy"", ""tail"": ""Nằm ngay sau khi ăn"", ""tail_type"": ""lifestyle""},
  {""text"": ""Tránh ăn khuya, nên ăn trước khi ngủ ít nhất 3 giờ."", ""head"": ""Chứng ăn không tiêu"", ""head_type"": ""disease"", ""relation"": ""aggravatedBy"", ""tail"": ""Ăn khuya"", ""tail_type"": ""lifestyle""},
  {""text"": ""Nằm ngủ với tư thế đầu cao hơn chân và dùng gối chống đỡ để giúp dịch tiêu hóa chảy vào ruột thay vì trào ngược lên thực quản."", ""head"": ""Chứng ăn không tiêu"", ""head_type"": ""disease"", ""relation"": ""preventedBy"", ""tail"": ""Nằm ngủ với tư thế đầu cao hơn chân"", ""tail_type"": ""lifestyle""},
  {""text"": ""Kiểm soát và duy trì cân nặng hợp lý để tránh gây áp lực cho dạ dày và thực quản."", ""head"": ""Chứng ăn không tiêu"", ""head_type"": ""disease"", ""relation"": ""aggravatedBy"", ""tail"": ""Cân nặng không hợp lý"", ""tail_type"": ""lifestyle""},
  {""text"": ""Ăn chậm, nhai kỹ."", ""head"": ""Chứng ăn không tiêu"", ""head_type"": ""disease"", ""relation"": ""preventedBy"", ""tail"": ""Ăn chậm, nhai kỹ"", ""tail_type"": ""lifestyle""},
  {""text"": ""Đối với chứng khó tiêu, bên cạnh việc uống đầy đủ các loại thuốc theo toa của bác sĩ (thuốc chẹn Histamine, thuốc kháng axit)&#8230;, người bệnh nên bổ sung một số đồ uống có lợi sau:  Nước lọc: Người bệnh nên uống đủ 8 ly nước lọc mỗi ngày để làm loãng axit trong dạ dày. Các loại trà thảo dược: Trà hoa cúc, hoa oải hương, trà gừng… có thể giúp làm dịu hệ tiêu hóa."", ""head"": ""Chứng khó tiêu"", ""head_type"": ""disease"", ""relation"": ""treatedBy"", ""tail"": ""Thuốc chẹn Histamine"", ""tail_type"": ""treatment""},
  {""text"": ""Đối với chứng khó tiêu, bên cạnh việc uống đầy đủ các loại thuốc theo toa của bác sĩ (thuốc chẹn Histamine, thuốc kháng axit)&#8230;, người bệnh nên bổ sung một số đồ uống có lợi sau:  Nước lọc: Người bệnh nên uống đủ 8 ly nước lọc mỗi ngày để làm loãng axit trong dạ dày. Các loại trà thảo dược: Trà hoa cúc, hoa oải hương, trà gừng… có thể giúp làm dịu hệ tiêu hóa."", ""head"": ""Chứng khó tiêu"", ""head_type"": ""disease"", ""relation"": ""treatedBy"", ""tail"": ""Thuốc kháng axit"", ""tail_type"": ""treatment""},
  {""text"": ""Nước lọc: Người bệnh nên uống đủ 8 ly nước lọc mỗi ngày để làm loãng axit trong dạ dày. Các loại trà thảo dược: Trà hoa cúc, hoa oải hương, trà gừng… có thể giúp làm dịu hệ tiêu hóa."", ""head"": ""Chứng khó tiêu"", ""head_type"": ""disease"", ""relation"": ""treatedBy"", ""tail"": ""Nước lọc"", ""tail_type"": ""treatment""},
  {""text"": ""Các loại trà thảo dược: Trà hoa cúc, hoa oải hương, trà gừng… có thể giúp làm dịu hệ tiêu hóa."", ""head"": ""Chứng khó tiêu"", ""head_type"": ""disease"", ""relation"": ""treatedBy"", ""tail"": ""Trà thảo dược"", ""tail_type"": ""treatment""}
]
```",2981,1958
